[Header],,,,,,,,
IEMFileVersion,4,,,,,,,
Investigator Name,TrineStijn,,,,,,,
Experiment Name,10x run1 TK325,,,,,,,
Date,18/01/18,,,,,,,
Workflow,GenerateFASTQ,,,,,,,
Application,NextSeq FASTQ Only,,,,,,,
Assay,TruSeq HT,,,,,,,
Description,Nextseq sample sheet,,,,,,,
Chemistry,Default,,,,,,,
,,,,,,,,
[Reads],,,,,,,,
26,,,,,,,,
98,,,,,,,,
,,,,,,,,
[Settings],,,,,,,,
,,,,,,,,
[Data],,,,,,,,
Lane,Sample_ID,Sample_Name,Sample_Plate,Sample_Well,I7_Index_ID,index,Sample_Project,Description
1,1,PerC-Mb1_tomato,,,SI-GA-B4_1,ACTTCATA,YUAN - 10x run 1,
1,2,PerC-Mb1_tomato,,,SI-GA-B4_2,GAGATGAC,YUAN - 10x run 1,
1,3,PerC-Mb1_tomato,,,SI-GA-B4_3,TGCCGTGG,YUAN - 10x run 1,
1,4,PerC-Mb1_tomato,,,SI-GA-B4_4,CTAGACCT,YUAN - 10x run 1,
1,5,Ctrl LSK,,,SI-GA-C4_1,ACAATTCA,YUAN - 10x run 1,
1,6,Ctrl LSK,,,SI-GA-C4_2,TGCGCAGC,YUAN - 10x run 1,
1,7,Ctrl LSK,,,SI-GA-C4_3,CATCACTT,YUAN - 10x run 1,
1,8,Ctrl LSK,,,SI-GA-C4_4,GTGTGGAG,YUAN - 10x run 1,
1,9,Lin28b LSK,,,SI-GA-D4_1,CCCTAACA,YUAN - 10x run 1,
1,10,Lin28b LSK,,,SI-GA-D4_2,ATTCCGAT,YUAN - 10x run 1,
1,11,Lin28b LSK,,,SI-GA-D4_3,TGGATTGC,YUAN - 10x run 1,
1,12,Lin28b LSK,,,SI-GA-D4_4,GAAGGCTG,YUAN - 10x run 1,